concept_a,concept_b,source_syllabus,Course_Code,course_name,order_delta,domain_match,bucket,your_label
Simplex method,Introduction to Congruence,6.24-N-B.E.-Computer-Engineering-Sem-III-IV.pdf,2113111,Mathematics for Computer Engineering,3,1,it_training,
Standard and Canonical of LPP,Fourier series of even and odd functions,6.39-N-B.E.-Data-Science-Sem-III-IV.pdf,2173111,Mathematics for Computer Engineering,10,1,it_training,
Basic and Feasible solutions,Artificial variables,6.41N-A-I-AI-DS-Sem-III-IV.pdf,2483111,Mathematics for Computer Engineering,2,1,it_training,
Languages in Compiler Design,Nondeterministic Finite Automata (NFA): Definitions,6.54-N-B.E-Computer-Science-EngineeringSem-III-IV.pdf,2494111,Computational,1,1,it_training,
Application of congruence-RSA algorithm,Dirichlet’s conditions,6.39-N-B.E.-Data-Science-Sem-III-IV.pdf,2173111,Mathematics for Computer Engineering,1,1,it_training,
Mixing equipment for cohesive solids,"Conveying, of solids: Belt conveyer, bucket",6.40-N-Chemical-Engineering-Sem-III-IV.pdf,2074112,Solid Fluid Mechanical Operations,9,1,diversity_training,
Solid fluid,Sedimentation: Batch sedimentation. Kynch,6.40-N-Chemical-Engineering-Sem-III-IV.pdf,2074112,Solid Fluid Mechanical Operations,1,1,diversity_training,
Analytics:  Key Roles for a Successful,Roles in Industry,SEM-V.pdf,2166112,Data Analytics and Visualization,3,1,it_training,
Linear congruence,Raw moments,6.21-N-B.E.-AI-ML-sem-III-IV.pdf,2023111,Mathematics for Computer Engineering,8,1,it_training,
Eulers method,Kutta second Order method,6.40-N-Chemical-Engineering-Sem-III-IV.pdf,2073111,Chemical Engineering Mathematics,1,1,diversity_training,
Relationship (EER) Model,"Concurrent Executions, Serializability",6.39-N-B.E.-Data-Science-Sem-III-IV.pdf,2174112,Database Management System,8,1,it_training,
Mixers for free flowing solids: Ribbon,"Conveying, of solids: Belt conveyer, bucket",6.40-N-Chemical-Engineering-Sem-III-IV.pdf,2074112,Solid Fluid Mechanical Operations,8,1,diversity_training,
Real-Time,Special-purpose Operating Systems,6.39-N-B.E.-Data-Science-Sem-III-IV.pdf,2174113,Operating System,2,1,it_training,
Decision properties of RLs,Nondeterministic Finite Automata (NFA): Definitions,6.20N-B.E.-AI-DS.-Sem-III-IV.pdf,2014111,Computational,5,1,it_training,
Size reduction equipment – Jaw crusher,Fluidization: conditions for fluidization,6.40-N-Chemical-Engineering-Sem-III-IV.pdf,2074112,Solid Fluid Mechanical Operations,7,1,diversity_training,
Applications of Runge-Kutta Fourth order,Relation between E,6.40-N-Chemical-Engineering-Sem-III-IV.pdf,2073111,Chemical Engineering Mathematics,5,1,diversity_training,
Size reduction of solids. Mechanism of size,Solid mixing – Introduction to solid mixing,6.40-N-Chemical-Engineering-Sem-III-IV.pdf,2074112,Solid Fluid Mechanical Operations,3,1,diversity_training,
Relationship (EER) Model,"Generalization, Specialization and Aggregation",6.54-N-B.E-Computer-Science-EngineeringSem-III-IV.pdf,2494112,Database Management System,1,1,it_training,
Fluidization: conditions for fluidization,Solid fluid,6.40-N-Chemical-Engineering-Sem-III-IV.pdf,2074112,Solid Fluid Mechanical Operations,1,1,diversity_training,
Mixing equipment for cohesive solids,Storage of solids: Properties of particulate,6.40-N-Chemical-Engineering-Sem-III-IV.pdf,2074112,Solid Fluid Mechanical Operations,8,1,diversity_training,
Similarity of matrices,Applications of Runge-Kutta Fourth order,6.40-N-Chemical-Engineering-Sem-III-IV.pdf,2073111,Chemical Engineering Mathematics,5,1,diversity_training,
Quadratic forms,Introduction to Congruence,6.41N-A-I-AI-DS-Sem-III-IV.pdf,2483111,Mathematics for Computer Engineering,8,1,it_training,
Vending machines,"Counting Pigeonhole Principle, Inclusion-Exclusion Principle. Recurrence relations, Solving recurrence relations",6.21-N-B.E.-AI-ML-sem-III-IV.pdf,2023112,Discrete Structures and Graph,1,1,it_training,
Size reduction of solids. Mechanism of size,Mixing equipment for cohesive solids,6.40-N-Chemical-Engineering-Sem-III-IV.pdf,2074112,Solid Fluid Mechanical Operations,4,1,diversity_training,
Simplex method,Complex form of Fourier Series,6.24-N-B.E.-Computer-Engineering-Sem-III-IV.pdf,2113111,Mathematics for Computer Engineering,9,1,it_training,
Similarity of matrices,Artificial variables,6.21-N-B.E.-AI-ML-sem-III-IV.pdf,2023111,Mathematics for Computer Engineering,7,1,it_training,
Languages in Compiler Design,Nondeterministic Finite Automata (NFA): Definitions,6.41N-A-I-AI-DS-Sem-III-IV.pdf,2484111,Computational,1,1,it_training,
Kutta second Order method,Method and Adam Bashford Predictor,6.40-N-Chemical-Engineering-Sem-III-IV.pdf,2073111,Chemical Engineering Mathematics,2,1,diversity_training,
Applications of Runge-Kutta Fourth order,Method and Adam Bashford Predictor,6.40-N-Chemical-Engineering-Sem-III-IV.pdf,2073111,Chemical Engineering Mathematics,1,1,diversity_training,
Shift operator E,Relation between E,6.40-N-Chemical-Engineering-Sem-III-IV.pdf,2073111,Chemical Engineering Mathematics,1,1,diversity_training,
Types of solutions,Application of congruence-RSA algorithm,6.41N-A-I-AI-DS-Sem-III-IV.pdf,2483111,Mathematics for Computer Engineering,8,1,it_training,
Grizzlies and Trommels,"Hammer mill, Ball mill and Roll crusher",6.40-N-Chemical-Engineering-Sem-III-IV.pdf,2074112,Solid Fluid Mechanical Operations,3,1,diversity_training,
"Pitfalls in relational database designs, Concept","Concurrent Executions, Serializability",6.24-N-B.E.-Computer-Engineering-Sem-III-IV.pdf,2114112,Database Management System,1,1,it_training,
Solid fluid,Gas solid separation equipment: Cyclone,6.40-N-Chemical-Engineering-Sem-III-IV.pdf,2074112,Solid Fluid Mechanical Operations,2,1,diversity_training,
Artificial variables,Moment generating function,6.41N-A-I-AI-DS-Sem-III-IV.pdf,2483111,Mathematics for Computer Engineering,10,1,it_training,
Screening equipment – Vibrating screen,Solid fluid,6.40-N-Chemical-Engineering-Sem-III-IV.pdf,2074112,Solid Fluid Mechanical Operations,11,1,diversity_training,
"Integrity constraints: key constraints, Domain","Concurrent Executions, Serializability",6.54-N-B.E-Computer-Science-EngineeringSem-III-IV.pdf,2494112,Database Management System,3,1,it_training,
Standard and Canonical of LPP,Linear congruence,6.21-N-B.E.-AI-ML-sem-III-IV.pdf,2023111,Mathematics for Computer Engineering,6,1,it_training,
Mixers for free flowing solids: Ribbon,Ergun’s equation,6.40-N-Chemical-Engineering-Sem-III-IV.pdf,2074112,Solid Fluid Mechanical Operations,2,1,diversity_training,
Linear and Non-Linear Programming Problems,Kuhn-Tucker conditions,6.21-N-B.E.-AI-ML-sem-III-IV.pdf,2023111,Mathematics for Computer Engineering,6,1,it_training,
"Triggers, Introduction to Pl/SQL Block Structure","Pitfalls in relational database designs, Concept",6.54-N-B.E-Computer-Science-EngineeringSem-III-IV.pdf,2494112,Database Management System,1,1,it_training,
Cayley-Hamilton,Similarity of matrices,6.39-N-B.E.-Data-Science-Sem-III-IV.pdf,2173111,Mathematics for Computer Engineering,1,1,it_training,
Size reduction of solids. Mechanism of size,Mixers for free flowing solids: Ribbon,6.40-N-Chemical-Engineering-Sem-III-IV.pdf,2074112,Solid Fluid Mechanical Operations,5,1,diversity_training,
Arden's theorem,Pumping lemma for RLs,6.39-N-B.E.-Data-Science-Sem-III-IV.pdf,2174111,Computational,2,1,it_training,
Screening equipment – Vibrating screen,Size reduction of solids. Mechanism of size,6.40-N-Chemical-Engineering-Sem-III-IV.pdf,2074112,Solid Fluid Mechanical Operations,2,1,diversity_training,
"Hammer mill, Ball mill and Roll crusher",Sedimentation: Batch sedimentation. Kynch,6.40-N-Chemical-Engineering-Sem-III-IV.pdf,2074112,Solid Fluid Mechanical Operations,8,1,diversity_training,
Artificial variables,Fourier series of periodic,6.41N-A-I-AI-DS-Sem-III-IV.pdf,2483111,Mathematics for Computer Engineering,6,1,it_training,
Screening equipment – Vibrating screen,Fluidization: conditions for fluidization,6.40-N-Chemical-Engineering-Sem-III-IV.pdf,2074112,Solid Fluid Mechanical Operations,10,1,diversity_training,
Size reduction equipment – Jaw crusher,Storage of solids: Properties of particulate,6.40-N-Chemical-Engineering-Sem-III-IV.pdf,2074112,Solid Fluid Mechanical Operations,11,1,diversity_training,
Space Division Switching,Error Control: Stop-and-Wait ARQ,6.34-N-B.E.-Information-Technology-Sem-III-IV.pdf,2344113,Computer Network & Network Design,5,1,it_training,
Linear and Non-Linear Programming Problems,Lines of regression,6.20N-B.E.-AI-DS.-Sem-III-IV.pdf,2013111,Mathematics for Computer Engineering,14,1,it_training,
Taxes and tax brackets,"Counting Pigeonhole Principle, Inclusion-Exclusion Principle. Recurrence relations, Solving recurrence relations",6.39-N-B.E.-Data-Science-Sem-III-IV.pdf,2173112,Discrete Structures and Graph Theory,2,1,it_training,
Decision properties of RLs,Minimization of DFA,6.20N-B.E.-AI-DS.-Sem-III-IV.pdf,2014111,Computational,7,1,it_training,
Diagonalization of matrices,Applications of Runge-Kutta Fourth order,6.40-N-Chemical-Engineering-Sem-III-IV.pdf,2073111,Chemical Engineering Mathematics,4,1,diversity_training,
Quadratic forms,Introduction to Congruence,6.24-N-B.E.-Computer-Engineering-Sem-III-IV.pdf,2113111,Mathematics for Computer Engineering,8,1,it_training,
Solid mixing – Introduction to solid mixing,Ergun’s equation,6.40-N-Chemical-Engineering-Sem-III-IV.pdf,2074112,Solid Fluid Mechanical Operations,4,1,diversity_training,
Types of solutions,Application of congruence-RSA algorithm,6.21-N-B.E.-AI-ML-sem-III-IV.pdf,2023111,Mathematics for Computer Engineering,8,1,it_training,
Arden's theorem,Application of Regular,6.41N-A-I-AI-DS-Sem-III-IV.pdf,2484111,Computational,4,1,it_training,
Screening equipment – Vibrating screen,"Hammer mill, Ball mill and Roll crusher",6.40-N-Chemical-Engineering-Sem-III-IV.pdf,2074112,Solid Fluid Mechanical Operations,4,1,diversity_training,
Screening equipment – Vibrating screen,Size reduction equipment – Jaw crusher,6.40-N-Chemical-Engineering-Sem-III-IV.pdf,2074112,Solid Fluid Mechanical Operations,3,1,diversity_training,
Applying to chemical engineering problems related,Eulers method,6.40-N-Chemical-Engineering-Sem-III-IV.pdf,2073111,Chemical Engineering Mathematics,1,1,diversity_training,
Study – Selenium/ Jira,"Agility, DevOps and Continuous Testing",SEM-V.pdf,2165113,Agile Software Development & DevOps,4,1,it_training,
Linear and Non-Linear Programming Problems,Lines of regression,6.39-N-B.E.-Data-Science-Sem-III-IV.pdf,2173111,Mathematics for Computer Engineering,14,1,it_training,
Diagonalization of matrices,Relation between E,6.40-N-Chemical-Engineering-Sem-III-IV.pdf,2073111,Chemical Engineering Mathematics,9,1,diversity_training,
Similarity of matrices,Applying to chemical engineering problems related,6.40-N-Chemical-Engineering-Sem-III-IV.pdf,2073111,Chemical Engineering Mathematics,2,1,diversity_training,
Linear Algebra (Theory of Matrices) verification and reduction of higher degree polynomials,Introduction to Congruence,6.41N-A-I-AI-DS-Sem-III-IV.pdf,2483111,Mathematics for Computer Engineering,10,1,it_training,
10-Gigabit Ethernet,IEEE 802.11 Wireless LAN,6.34-N-B.E.-Information-Technology-Sem-III-IV.pdf,2344113,Computer Network & Network Design,3,1,it_training,
Properties of Eigen,Shift operator E,6.40-N-Chemical-Engineering-Sem-III-IV.pdf,2073111,Chemical Engineering Mathematics,10,1,diversity_training,
Standard and Canonical of LPP,Raw moments,6.21-N-B.E.-AI-ML-sem-III-IV.pdf,2023111,Mathematics for Computer Engineering,14,1,it_training,
Simplex method,Fourier series of periodic,6.41N-A-I-AI-DS-Sem-III-IV.pdf,2483111,Mathematics for Computer Engineering,7,1,it_training,
Similarity of matrices,Linear congruence,6.41N-A-I-AI-DS-Sem-III-IV.pdf,2483111,Mathematics for Computer Engineering,10,1,it_training,
Grizzlies and Trommels,Mixers for free flowing solids: Ribbon,6.40-N-Chemical-Engineering-Sem-III-IV.pdf,2074112,Solid Fluid Mechanical Operations,6,1,diversity_training,
Regular operations,Arden's theorem,6.41N-A-I-AI-DS-Sem-III-IV.pdf,2484111,Computational,1,1,it_training,
Applying to chemical engineering problems related,Forward and Backward difference operators ∆,6.40-N-Chemical-Engineering-Sem-III-IV.pdf,2073111,Chemical Engineering Mathematics,6,1,diversity_training,
Flow of a single fluid through a packed bed,Solid fluid,6.40-N-Chemical-Engineering-Sem-III-IV.pdf,2074112,Solid Fluid Mechanical Operations,3,1,diversity_training,
Screening equipment – Vibrating screen,Grizzlies and Trommels,6.40-N-Chemical-Engineering-Sem-III-IV.pdf,2074112,Solid Fluid Mechanical Operations,1,1,diversity_training,
Dirichlet’s conditions,Lines of regression,6.41N-A-I-AI-DS-Sem-III-IV.pdf,2483111,Mathematics for Computer Engineering,4,1,it_training,
Types of solutions,Standard and Canonical of LPP,6.20N-B.E.-AI-DS.-Sem-III-IV.pdf,2013111,Mathematics for Computer Engineering,1,1,it_training,
Ergun’s equation,Solid fluid,6.40-N-Chemical-Engineering-Sem-III-IV.pdf,2074112,Solid Fluid Mechanical Operations,2,1,diversity_training,
Basic and Feasible solutions,Fourier series of periodic,6.39-N-B.E.-Data-Science-Sem-III-IV.pdf,2173111,Mathematics for Computer Engineering,8,1,it_training,
"Hammer mill, Ball mill and Roll crusher",Fluidization: conditions for fluidization,6.40-N-Chemical-Engineering-Sem-III-IV.pdf,2074112,Solid Fluid Mechanical Operations,6,1,diversity_training,
Eulers method,Forward and Backward difference operators ∆,6.40-N-Chemical-Engineering-Sem-III-IV.pdf,2073111,Chemical Engineering Mathematics,5,1,diversity_training,
Mixers for free flowing solids: Ribbon,Storage of solids: Properties of particulate,6.40-N-Chemical-Engineering-Sem-III-IV.pdf,2074112,Solid Fluid Mechanical Operations,7,1,diversity_training,
Method and Adam Bashford Predictor,Corrector Method to chemical engineering,6.40-N-Chemical-Engineering-Sem-III-IV.pdf,2073111,Chemical Engineering Mathematics,1,1,diversity_training,
Solid mixing – Introduction to solid mixing,Solid fluid,6.40-N-Chemical-Engineering-Sem-III-IV.pdf,2074112,Solid Fluid Mechanical Operations,6,1,diversity_training,
Cayley-Hamilton,Simplex method,6.41N-A-I-AI-DS-Sem-III-IV.pdf,2483111,Mathematics for Computer Engineering,8,1,it_training,
"Introduction to the Relational Model, relational","Triggers, Introduction to Pl/SQL Block Structure",6.54-N-B.E-Computer-Science-EngineeringSem-III-IV.pdf,2494112,Database Management System,4,1,it_training,
Basic and Feasible solutions,Kuhn-Tucker conditions,6.39-N-B.E.-Data-Science-Sem-III-IV.pdf,2173111,Mathematics for Computer Engineering,3,1,it_training,
Eulers method,Corrector Method to chemical engineering,6.40-N-Chemical-Engineering-Sem-III-IV.pdf,2073111,Chemical Engineering Mathematics,4,1,diversity_training,
"ERC721 Tokens, ICO: basics and related terms",Cryptocurrency Valuation Models,SEM-V.pdf,2166118,Blockchain Technology,5,1,it_training,
Similarity of matrices,Method and Adam Bashford Predictor,6.40-N-Chemical-Engineering-Sem-III-IV.pdf,2073111,Chemical Engineering Mathematics,6,1,diversity_training,
Standard and Canonical of LPP,Simplex method,6.41N-A-I-AI-DS-Sem-III-IV.pdf,2483111,Mathematics for Computer Engineering,2,1,it_training,
Properties of Eigen,Applying to chemical engineering problems related,6.40-N-Chemical-Engineering-Sem-III-IV.pdf,2073111,Chemical Engineering Mathematics,3,1,diversity_training,
"Testing: Functionality Testing, UI Testing",Assessment. Study of various Open,SEM-V.pdf,2165113,Agile Software Development & DevOps,9,1,it_training,
Size reduction equipment – Jaw crusher,Flow of a single fluid through a packed bed,6.40-N-Chemical-Engineering-Sem-III-IV.pdf,2074112,Solid Fluid Mechanical Operations,5,1,diversity_training,
Size reduction of solids. Mechanism of size,Gas solid separation equipment: Cyclone,6.40-N-Chemical-Engineering-Sem-III-IV.pdf,2074112,Solid Fluid Mechanical Operations,11,1,diversity_training,
CRC code,Scheduled Access (Reservation,6.34-N-B.E.-Information-Technology-Sem-III-IV.pdf,2344113,Computer Network & Network Design,5,1,it_training,
Introduction to Congruence,Moment generating function,6.24-N-B.E.-Computer-Engineering-Sem-III-IV.pdf,2113111,Mathematics for Computer Engineering,8,1,it_training,
Fluidization: conditions for fluidization,Storage of solids: Properties of particulate,6.40-N-Chemical-Engineering-Sem-III-IV.pdf,2074112,Solid Fluid Mechanical Operations,4,1,diversity_training,
Simplex method,Application of congruence-RSA algorithm,6.20N-B.E.-AI-DS.-Sem-III-IV.pdf,2013111,Mathematics for Computer Engineering,5,1,it_training,
Quadratic forms,Introduction to Congruence,6.20N-B.E.-AI-DS.-Sem-III-IV.pdf,2013111,Mathematics for Computer Engineering,8,1,it_training,
Linear Algebra (Theory of Matrices) verification and reduction of higher degree polynomials,Introduction to Congruence,6.20N-B.E.-AI-DS.-Sem-III-IV.pdf,2013111,Mathematics for Computer Engineering,10,1,it_training,
Kuhn-Tucker conditions,Linear congruence,6.20N-B.E.-AI-DS.-Sem-III-IV.pdf,2013111,Mathematics for Computer Engineering,2,1,it_training,
Types of solutions,Dirichlet’s conditions,6.20N-B.E.-AI-DS.-Sem-III-IV.pdf,2013111,Mathematics for Computer Engineering,9,1,it_training,
Grizzlies and Trommels,Sedimentation: Batch sedimentation. Kynch,6.40-N-Chemical-Engineering-Sem-III-IV.pdf,2074112,Solid Fluid Mechanical Operations,11,1,diversity_training,
Applying to chemical engineering problems related,Kutta second Order method,6.40-N-Chemical-Engineering-Sem-III-IV.pdf,2073111,Chemical Engineering Mathematics,2,1,diversity_training,
Similarity of matrices,Forward and Backward difference operators ∆,6.40-N-Chemical-Engineering-Sem-III-IV.pdf,2073111,Chemical Engineering Mathematics,8,1,diversity_training,
"Hammer mill, Ball mill and Roll crusher",Mixing equipment for cohesive solids,6.40-N-Chemical-Engineering-Sem-III-IV.pdf,2074112,Solid Fluid Mechanical Operations,2,1,diversity_training,
Kutta second Order method,Applications of Runge-Kutta Fourth order,6.40-N-Chemical-Engineering-Sem-III-IV.pdf,2073111,Chemical Engineering Mathematics,1,1,diversity_training,
Corrector Method to chemical engineering,Forward and Backward difference operators ∆,6.40-N-Chemical-Engineering-Sem-III-IV.pdf,2073111,Chemical Engineering Mathematics,1,1,diversity_training,
Mixing equipment for cohesive solids,Gas solid separation equipment: Cyclone,6.40-N-Chemical-Engineering-Sem-III-IV.pdf,2074112,Solid Fluid Mechanical Operations,7,1,diversity_training,
Diagonalization of matrices,Corrector Method to chemical engineering,6.40-N-Chemical-Engineering-Sem-III-IV.pdf,2073111,Chemical Engineering Mathematics,6,1,diversity_training,
Linear congruence,Fourier series of periodic,6.41N-A-I-AI-DS-Sem-III-IV.pdf,2483111,Mathematics for Computer Engineering,3,1,it_training,
Similarity of matrices,Shift operator E,6.40-N-Chemical-Engineering-Sem-III-IV.pdf,2073111,Chemical Engineering Mathematics,9,1,diversity_training,
Flow of a single fluid through a packed bed,"Conveying, of solids: Belt conveyer, bucket",6.40-N-Chemical-Engineering-Sem-III-IV.pdf,2074112,Solid Fluid Mechanical Operations,7,1,diversity_training,
Size reduction equipment – Jaw crusher,Mixing equipment for cohesive solids,6.40-N-Chemical-Engineering-Sem-III-IV.pdf,2074112,Solid Fluid Mechanical Operations,3,1,diversity_training,
Cayley-Hamilton,Types of solutions,6.21-N-B.E.-AI-ML-sem-III-IV.pdf,2023111,Mathematics for Computer Engineering,5,1,it_training,
"Hammer mill, Ball mill and Roll crusher",Solid mixing – Introduction to solid mixing,6.40-N-Chemical-Engineering-Sem-III-IV.pdf,2074112,Solid Fluid Mechanical Operations,1,1,diversity_training,
Standard and Canonical of LPP,Dirichlet’s conditions,6.24-N-B.E.-Computer-Engineering-Sem-III-IV.pdf,2113111,Mathematics for Computer Engineering,8,1,it_training,
Solid mixing – Introduction to solid mixing,Sedimentation: Batch sedimentation. Kynch,6.40-N-Chemical-Engineering-Sem-III-IV.pdf,2074112,Solid Fluid Mechanical Operations,7,1,diversity_training,
